<Taskss>
  <name val="epihybrid"/><dataLevels val="S;SA"/><nCheckPoints val="0"/>
  <vMap val="gamma=1;p1popSize=1000;p1bg=1E-4;p1blwm=6E-3;p1bler=0.8;popSize=100;nPop=500;pmbg=1E-6;pmblwm=6E-2;pmbler=0.8;"/>
  <members>
    <m><name val="single-pop-wellmix-mod"/>
      <variables class="org.leores.task.app.EpiHybrid">
        <n val="$v(p1popSize)$"/><beta_1 val="$v(p1blwm)$"/><beta_2 val="$v(p1bg)$"/><gamma val="$v(gamma)$"/><N val="-1"/>
        <bWellmix val="true"/><alpha val="0:0.01:1"/>
		<smLoad val="beforeStyleVar=ps=0;}"/>
      </variables>
      <statistics><members>
        <m><info val="%plot+@afterTask@"/><valVar val="r_inf"/><parVars val="alpha"/></m>
      </members></statistics></m>
    <m><name val="single-pop-er-mod"/>
      <variables class="org.leores.task.app.EpiHybrid">
        <n val="$v(p1popSize)$"/>
        <fnets val="net-er(n$v(p1popSize)$ad5.0).dat"/>
        <beta_1 val="$v(p1bler)$"/><beta_2 val="$v(p1bg)$"/><gamma val="$v(gamma)$"/><N val="-1"/>        
        <alpha val="0:0.01:1"/>
		<smLoad val="beforeStyleVar=ps=0;}"/>
      </variables>
      <statistics><members>
        <m><info val="afterTask@"/><valVar val="id"/><parVars val="dl"/></m>
        <m><info val="%plot+@afterTask@"/><valVar val="r_inf"/><parVars val="alpha"/></m>
      </members></statistics></m>
    <m><name val="single-pop-pl-mod"/>
      <variables class="org.leores.task.app.EpiHybrid">
        <n val="$v(p1popSize)$"/>
        <fnets val="net-cm-pl(d3-30r3.0n1000).dat"/>
        <beta_1 val="$v(p1bler)$"/><beta_2 val="$v(p1bg)$"/><gamma val="$v(gamma)$"/><N val="-1"/>        
        <alpha val="0:0.01:1"/>
		<smLoad val="beforeStyleVar=ps=0;}"/>
      </variables>
      <statistics><members>
        <m><info val="afterTask@"/><valVar val="id"/><parVars val="dl"/></m>
        <m><info val="%plot+@afterTask@"/><valVar val="r_inf"/><parVars val="alpha"/></m>
      </members></statistics></m>
      
    <m><name val="meta-pop-er-mod"/>
      <variables class="org.leores.task.app.EpiHybrid">
        <n val="$v(popSize)$"/>
        <fnets val="net-metpop-merged-$v(nPop)$Xer(n$v(popSize)$ad5.0).dat"/>
        <beta_1 val="$v(pmbler)$"/><beta_2 val="$v(pmbg)$"/><gamma val="$v(gamma)$"/><N val="#$v(nPop)$-1#"/>        
        <alpha val="0:0.01:1"/>
		<smLoad val="beforeStyleVar=ps=0;}"/>
      </variables>
      <statistics><members>
        <m><info val="afterTask@"/><valVar val="id"/><parVars val="dl"/></m>
        <m><info val="%plot+@afterTask@"/><valVar val="R_p"/><parVars val="alpha"/></m>
      </members></statistics></m>
    <!-- This calculation takes around 8 mins on a 4 cores computer-->
	
    <m><name val="meta-pop-er-mod-opt"/><sTaskMethodEnd val="drawFigs"/>
      <variables class="org.leores.task.app.EpiHybrid">
        <n val="$v(popSize)$"/><fnets val="net-metpop-merged-$v(nPop)$Xer(n$v(popSize)$ad5.0).dat"/>
        <beta_2 val="$v(pmbg)$"/><N val="#$v(nPop)$-1#"/>
		<beta_1 val="0.01:0.01:1"/><gamma val="0.01:0.01:1"/><alpha val="0:0.01:1"/>
		<!--<beta_1 val="0.01:0.09:1"/><gamma val="0.01:0.09:1"/><alpha val="0:0.01:1"/>--><!-- This line can be used to replace the previous line in a test as it calculates less and is much faster. -->
      </variables>
      <statistics><members>
        <m><info val="afterTask@"/><keyVar val="alpha"/><bUniqueKeys val="false"/><valVar val="R_p"/><parVars val="beta_1;gamma;n;beta_2"/><maxListOutSize val="5"/></m>
        <m><info val="afterTask@"/><valid val="$gamma$==0.1"/><valVar val="R_p"/><parVars val="beta_1;alpha"/><maxListOutSize val="5"/></m>
      </members></statistics></m>
  </members>
</Taskss>

